<?xml version="1.0" encoding="UTF-8"?>
<project-private xmlns="http://www.netbeans.org/ns/project-private/1">
    <editor-bookmarks xmlns="http://www.netbeans.org/ns/editor-bookmarks/2" lastBookmarkId="0"/>
    <open-files xmlns="http://www.netbeans.org/ns/projectui-open-files/2">
        <group>
            <file>file:/var/www/html/haken_jinzai/public/css/site/gaia/gaiamanage.css</file>
            <file>file:/var/www/html/haken_jinzai/resources/views/site/gaiamanagement/new.blade.php</file>
            <file>file:/var/www/html/haken_jinzai/resources/views/site/gaiamanagement/detailGaiAMember.blade.php</file>
            <file>file:/var/www/html/haken_jinzai/app/Business/UserBusiness.php</file>
            <file>file:/var/www/html/haken_jinzai/public/js/site/gaia/gaia.js</file>
            <file>file:/var/www/html/haken_jinzai/resources/views/site/staffmanager/introducejob/introducejob_project.blade.php</file>
            <file>file:/var/www/html/haken_jinzai/app/Http/Controllers/Site/GaiAController.php</file>
            <file>file:/var/www/html/haken_jinzai/app/Http/routes.php</file>
            <file>file:/var/www/html/haken_jinzai/resources/lang/jp/title.php</file>
        </group>
    </open-files>
</project-private>
