<?xml version="1.0" encoding="UTF-8"?>
<project-private xmlns="http://www.netbeans.org/ns/project-private/1">
    <editor-bookmarks xmlns="http://www.netbeans.org/ns/editor-bookmarks/2" lastBookmarkId="0"/>
    <open-files xmlns="http://www.netbeans.org/ns/projectui-open-files/2">
        <group>
            <file>file:/var/www/html/haken_jinzai/app/Http/Controllers/Site/OperationHistoryController.php</file>
            <file>file:/var/www/html/haken_jinzai/resources/views/site/staffmanager/introducejob/introducejob.blade.php</file>
            <file>file:/var/www/html/haken_jinzai/app/Business/StaffBusiness.php</file>
            <file>file:/var/www/html/haken_jinzai/resources/views/site/staffmanager/introducejob/introducejob_project.blade.php</file>
            <file>file:/var/www/html/haken_jinzai/app/Http/Controllers/Site/StaffController.php</file>
            <file>file:/var/www/html/haken_jinzai/resources/views/site/staffmanager/introducejob/introducejob_staff.blade.php</file>
            <file>file:/var/www/html/haken_jinzai/app/Http/routes.php</file>
        </group>
    </open-files>
</project-private>
